Iteration,RunTime,Profit
0,0.0,1966
1,3.1114139556884766,1977
2,5.275629043579102,1981
3,7.6102001667022705,1984
4,10.874880075454712,1988
5,13.957439184188843,1991
6,16.459922313690186,1993
7,18.741733074188232,1997
8,21.2335422039032,2000
9,24.057067155838013,2004
10,27.975038290023804,2005
11,30.91336703300476,2008
12,35.309993267059326,2011
13,39.722618103027344,2012
14,44.47607398033142,2013
15,48.213746309280396,2013
16,51.62550711631775,2014
17,54.30310010910034,2015
18,58.58647012710571,2015
19,62.60139799118042,2016
20,66.15232825279236,2018
21,70.82842111587524,2018
22,75.16598224639893,2019
23,80.78718304634094,2019
24,86.66556119918823,2019
25,91.18785619735718,2019
26,96.15464615821838,2020
27,100.87074613571167,2020
28,106.0258092880249,2021
29,111.09376406669617,2021
30,116.26708197593689,2022
31,121.02622413635254,2022
32,126.20265507698059,2023
33,131.48338198661804,2023
34,138.38967609405518,2023
35,147.12885403633118,2024
36,157.71218919754028,2024
37,165.82181811332703,2024
38,171.95278215408325,2024
39,177.38442611694336,2025
40,182.37012815475464,2025
41,186.95212411880493,2025
42,191.45117211341858,2025
43,195.360906124115,2026
44,199.39852213859558,2027
45,204.69468903541565,2027
46,210.80390405654907,2027
47,214.86993932724,2027
48,220.9925501346588,2027
49,229.2685251235962,2028
50,238.27173233032227,2029
51,244.8217921257019,2029
52,254.54470920562744,2029
53,260.38073801994324,2029
54,268.3973271846771,2029
55,274.4931712150574,2029
56,281.1352722644806,2029
57,285.6963601112366,2030
58,291.36585116386414,2031
59,296.17197728157043,2031
60,302.9738669395447,2031
61,308.09022521972656,2032
62,314.41583013534546,2032
63,320.02026104927063,2032
64,326.91567826271057,2032
65,332.9568581581116,2033
66,344.2353389263153,2033
67,353.2277660369873,2033
68,358.93177318573,2033
69,363.7161371707916,2034
70,370.7389612197876,2034
71,381.77913522720337,2034
72,390.74035811424255,2034
73,394.9547860622406,2034
74,399.58382511138916,2034
75,403.77705121040344,2034
76,410.5303361415863,2034
77,416.36825227737427,2034
78,424.6911132335663,2035
79,433.127268075943,2035
80,440.1850471496582,2036
81,451.33385014533997,2036
82,457.7804663181305,2036
83,465.78619623184204,2037
84,476.3780872821808,2037
85,483.36709237098694,2037
86,490.3981611728668,2038
87,499.37864327430725,2038
88,515.9160802364349,2038
89,524.9958970546722,2038
90,541.641077041626,2038
91,573.0606460571289,2038
92,593.641841173172,2038
93,605.5677011013031,2038
94,614.7961761951447,2039
95,663.39111495018,2039
96,677.3004651069641,2039
97,693.6937599182129,2039
98,706.1720969676971,2039
99,712.893158197403,2039
100,718.572597026825,2039
101,723.6144461631775,2039
102,727.5751411914825,2040
103,732.4787001609802,2040
104,739.4177920818329,2040
105,749.2975590229034,2040
106,758.4030721187592,2040
107,776.8756160736084,2040
108,796.2150731086731,2040
109,807.7304861545563,2040
110,817.5069060325623,2040
111,828.0697782039642,2040
112,835.7212431430817,2040
113,841.0443530082703,2040
114,846.1157879829407,2040
115,851.4338822364807,2040
116,857.2391481399536,2040
117,862.8582801818848,2040
118,867.7587242126465,2040
119,875.8030593395233,2040
120,881.5370769500732,2040
121,889.4962921142578,2041
122,901.8803932666779,2041
123,915.4497060775757,2041
124,973.0185551643372,2041
125,997.5788111686707,2041
126,1007.9905819892883,2041
127,1017.4919040203094,2041
128,1031.3460590839386,2041
129,1048.0284280776978,2041
130,1060.8452911376953,2041
131,1074.1008942127228,2041
132,1097.6225221157074,2041
133,1140.973387002945,2041
134,1153.9066932201385,2041
135,1168.6089162826538,2041
136,1177.7256581783295,2041
137,1194.2817950248718,2041
138,1226.0972232818604,2042
139,1240.2661490440369,2042
140,1250.3851220607758,2042
141,1256.6068921089172,2042
142,1266.0119853019714,2042
143,1275.393196105957,2042
144,1282.1387901306152,2042
145,1287.6417152881622,2042
146,1295.2750272750854,2042
147,1301.8077161312103,2042
148,1310.5518281459808,2042
149,1320.203625202179,2042
150,1325.2053561210632,2043
151,1330.8788521289825,2043
152,1336.6511931419373,2043
153,1343.1508531570435,2043
154,1349.175388097763,2043
155,1354.852506160736,2043
156,1361.338091135025,2043
157,1369.5978980064392,2043
158,1378.9543290138245,2043
159,1387.4132311344147,2043
160,1396.9636390209198,2043
161,1406.4361100196838,2043
162,1412.8172562122345,2043
163,1423.4701001644135,2043
164,1432.8325700759888,2043
165,1438.2779140472412,2043
166,1444.2911322116852,2043
167,1451.2490150928497,2043
168,1459.3926041126251,2043
169,1467.5362610816956,2043
170,1475.6080231666565,2044
171,1482.7728209495544,2044
172,1491.3984849452972,2044
173,1498.7431211471558,2044
174,1505.3784210681915,2044
175,1511.8707072734833,2045
176,1519.4370710849762,2045
177,1528.7202832698822,2045
178,1536.1968472003937,2045
179,1547.3803210258484,2045
180,1556.4430751800537,2045
181,1565.1502640247345,2045
182,1573.4730050563812,2045
183,1582.62442111969,2045
184,1596.7932741641998,2045
185,1602.1843581199646,2045
186,1607.2163319587708,2045
187,1614.6786301136017,2045
188,1618.3706753253937,2045
189,1622.678194284439,2045
190,1628.2815291881561,2045
191,1634.2999131679535,2046
192,1640.7233352661133,2046
193,1646.2184131145477,2046
194,1652.7935881614685,2046
195,1662.350866317749,2046
196,1669.832139968872,2046
197,1676.0998911857605,2046
198,1681.5103039741516,2046
199,1685.8039343357086,2046
200,1691.2962641716003,2047
201,1697.684156179428,2047
202,1704.3890900611877,2047
203,1711.0195009708405,2048
204,1720.9151101112366,2048
205,1736.1696832180023,2048
206,1743.1181211471558,2048
207,1757.7543332576752,2048
208,1767.5953080654144,2048
209,1842.937735080719,2048
210,1849.2715010643005,2048
211,1857.4232110977173,2048
212,1865.793773174286,2048
213,1872.1436941623688,2048
214,1880.681672334671,2048
215,1888.606270313263,2048
216,1900.0683152675629,2048
217,1907.9358930587769,2048
218,1916.745239019394,2048
219,1925.592051267624,2048
220,1933.8363370895386,2049
221,1945.629503250122,2049
222,1954.4468231201172,2049
223,1961.566516160965,2049
224,1967.6984360218048,2049
225,1978.527773141861,2049
226,1987.8368492126465,2049
227,2001.1428463459015,2049
228,2016.8374691009521,2049
229,2030.197252035141,2049
230,2049.4282460212708,2049
231,2059.1791982650757,2049
232,2071.814372062683,2049
233,2084.700241088867,2049
234,2094.4248099327087,2049
235,2111.5011751651764,2049
236,2122.85493516922,2049
237,2129.987668991089,2049
238,2139.2465212345123,2049
239,2149.8116641044617,2049
240,2160.320633172989,2049
241,2170.5591292381287,2049
242,2180.278473138809,2049
243,2189.1233332157135,2049
244,2200.355746984482,2049
245,2211.664463043213,2049
246,2228.9317440986633,2049
247,2242.9545199871063,2049
248,2256.2491450309753,2049
249,2265.9811000823975,2049
250,2279.3475272655487,2049
251,2286.534776210785,2049
252,2292.097950220108,2049
253,2300.2064430713654,2049
254,2308.435286998749,2049
255,2329.166430950165,2049
256,2340.418147087097,2049
257,2350.7997691631317,2049
258,2360.829516172409,2049
259,2371.8652942180634,2049
260,2378.3953721523285,2049
261,2386.7320330142975,2049
262,2396.3476622104645,2049
263,2403.6107761859894,2049
264,2413.165023088455,2049
265,2427.34064912796,2049
266,2438.392911195755,2049
267,2449.303282260895,2049
268,2457.408215045929,2049
269,2466.583676099777,2049
270,2473.443422317505,2049
271,2479.571921110153,2049
272,2486.6143732070923,2049
273,2494.608298063278,2049
274,2502.5399100780487,2050
275,2510.9074862003326,2050
276,2602.967097043991,2050
277,2617.160732269287,2050
278,2631.7528672218323,2050
279,2646.2716352939606,2050
280,2656.872312068939,2051
281,2669.0128362178802,2051
282,2676.5415830612183,2051
283,2688.8063011169434,2051
284,2704.3665482997894,2051
285,2717.6172132492065,2051
286,2727.892522096634,2051
287,2738.5787041187286,2051
288,2750.4121079444885,2051
289,2760.065992116928,2051
290,2768.7987310886383,2051
291,2777.0775241851807,2051
292,2784.2043721675873,2051
293,2816.4008271694183,2051
294,2826.3729043006897,2051
295,2835.442394256592,2051
296,2846.8300590515137,2051
297,2869.7976932525635,2051
298,2882.4006493091583,2051
299,2919.774598121643,2051
300,2955.8360953330994,2051
301,2964.4101009368896,2051
302,2978.1005539894104,2051
303,2993.561453104019,2051
304,3015.7570390701294,2051
305,3026.456362962723,2051
306,3036.912786245346,2051
307,3045.8203551769257,2052
308,3055.5600831508636,2052
309,3078.992638349533,2052
310,3126.543333053589,2052
311,3163.9354450702667,2052
312,3223.471390247345,2052
313,3234.895042181015,2052
314,3248.650465965271,2052
315,3256.265030145645,2052
316,3263.7355921268463,2052
317,3272.886197090149,2052
318,3283.404636144638,2052
319,3292.41330909729,2052
320,3300.7977950572968,2052
321,3311.5687181949615,2052
322,3332.4218921661377,2052
323,3345.8112461566925,2052
324,3355.781037092209,2052
325,3368.2187950611115,2052
326,3376.9623231887817,2052
327,3401.151652097702,2052
328,3418.91592502594,2052
329,3429.2111341953278,2052
330,3445.2539932727814,2052
331,3464.7873151302338,2052
332,3481.823058128357,2052
333,3492.319489002228,2052
334,3519.323090314865,2052
335,3531.446613073349,2052
336,3542.7906889915466,2052
337,3580.9538061618805,2052
338,3605.014795064926,2052
339,3622.0214672088623,2052
340,3644.1924002170563,2052
341,3674.3911752700806,2052
342,3691.2615909576416,2052
343,3703.556874036789,2052
344,3717.1448781490326,2052
345,3775.2462730407715,2052
346,3789.7582819461823,2052
347,3801.329632997513,2052
348,3810.1151762008667,2052
349,3818.5046191215515,2052
350,3829.6231672763824,2052
351,3838.1411731243134,2052
352,3847.8492362499237,2052
353,3856.392485141754,2052
354,3862.0963151454926,2053
355,3873.793002128601,2053
356,3886.0197491645813,2053
357,3899.6320741176605,2053
358,3908.556405067444,2053
359,3918.5442202091217,2053
360,3928.2636461257935,2053
361,3939.029584169388,2053
362,3948.6762862205505,2053
363,3959.735753297806,2053
364,3977.6761729717255,2053
365,3988.5882501602173,2053
366,3995.9289212226868,2053
367,4001.904884338379,2053
368,4008.851818084717,2053
369,4015.3177902698517,2053
370,4024.7331252098083,2053
371,4037.5453329086304,2053
372,4048.497747182846,2053
373,4065.2017772197723,2053
374,4078.039402961731,2053
375,4154.122274160385,2053
376,4165.546059131622,2053
377,4185.0377202034,2053
378,4256.655641078949,2053
379,4266.7663950920105,2053
380,4275.406364202499,2053
381,4285.8298671245575,2053
382,4304.608054161072,2053
383,4313.867230176926,2053
384,4323.292100191116,2053
385,4335.665469169617,2053
386,4342.727775096893,2053
387,4359.3377850055695,2053
388,4370.245631933212,2054
389,4385.489373207092,2054
390,4400.208070278168,2054
391,4413.142296075821,2054
392,4423.017627239227,2054
393,4437.177272081375,2054
394,4481.191347122192,2054
395,4497.874190092087,2054
396,4511.128143072128,2054
397,4524.2503480911255,2054
398,4536.502685308456,2054
399,4554.096068143845,2054
400,4585.871227264404,2054
401,4602.345347166061,2054
402,4614.096748113632,2054
403,4625.119358301163,2054
404,4635.4317219257355,2054
405,4645.300790071487,2054
406,4654.637346029282,2054
407,4665.558778047562,2054
408,4689.135165214539,2054
409,4702.071834087372,2054
410,4717.674175262451,2054
411,4725.935205221176,2054
412,4735.244090080261,2054
413,4746.676675081253,2054
414,4932.060136318207,2054
415,4944.754568338394,2054
416,4958.964294195175,2054
417,4969.279881954193,2054
418,4980.67557311058,2054
419,4993.612272262573,2054
420,5002.026415109634,2054
421,5018.471497297287,2054
422,5032.384798288345,2054
423,5045.773598194122,2054
424,5052.731689214706,2054
425,5063.088728189468,2054
426,5072.05434012413,2054
427,5082.196487188339,2054
428,5091.737076997757,2054
429,5103.548856019974,2054
430,5127.815446138382,2054
431,5142.277604103088,2054
432,5153.685850143433,2054
433,5163.750903129578,2054
434,5176.1939063072205,2054
435,5189.478354215622,2054
436,5199.416798353195,2054
437,5210.657946109772,2054
438,5219.864237070084,2054
439,5226.803252220154,2055
440,5267.639280080795,2055
441,5276.686933994293,2055
442,5314.707444906235,2055
443,5330.428148984909,2055
444,5344.070535182953,2055
445,5357.560138940811,2055
446,5368.144100189209,2055
447,5381.784645080566,2055
448,5390.162539958954,2055
449,5402.352728128433,2055
450,5423.528953075409,2055
451,5436.913789272308,2055
452,5461.832267045975,2055
453,5476.499877214432,2055
454,5485.896205186844,2055
455,5494.459918022156,2055
456,5504.719171047211,2056
457,5517.53663110733,2056
458,5531.358453035355,2056
459,5545.323348999023,2056
460,5563.021898984909,2056
461,5579.144335031509,2056
462,5597.894364118576,2056
463,5610.409628152847,2056
464,5624.1520092487335,2056
465,5633.3950073719025,2056
466,5648.513195991516,2056
467,5657.159754037857,2057
468,5679.635200977325,2057
469,5696.002291202545,2057
470,5728.930526256561,2057
471,5748.157031297684,2057
472,5798.045365095139,2057
473,5817.072015047073,2057
474,5830.175065040588,2057
475,5842.95113492012,2057
476,5858.957161188126,2057
477,6003.695185184479,2057
478,6017.218729257584,2057
479,6036.224095106125,2057
480,6048.117788076401,2057
481,6099.460958957672,2057
482,6119.08179807663,2057
483,6220.056802988052,2057
484,6331.533054351807,2057
485,6343.4125010967255,2057
486,6359.064904212952,2057
487,6375.724595308304,2057
488,6392.235647916794,2057
489,6418.592913150787,2057
490,6431.9190509319305,2057
491,6447.155814170837,2057
492,6548.374945163727,2057
493,6567.052109003067,2057
494,6594.261612176895,2057
495,6611.051644086838,2057
496,6627.226236104965,2057
497,6649.222177028656,2057
498,6663.460462093353,2057
499,6673.706491231918,2057
500,6745.048500299454,2057
501,6759.0289041996,2057
502,6772.452761173248,2057
503,6785.531507253647,2057
504,6795.265896320343,2057
505,6811.2113201618195,2057
506,6869.984841346741,2057
507,6894.599781036377,2057
508,6929.051706075668,2057
509,6956.529328107834,2057
510,6974.501023054123,2057
511,6992.267311096191,2057
512,7034.662482261658,2057
513,7054.407222032547,2057
514,7069.81033706665,2057
515,7088.365720033646,2057
516,7122.064632177353,2057
517,7244.08308506012,2057
518,7292.843433141708,2057
519,7338.643508911133,2057
520,7358.61935710907,2057
521,7386.628444194794,2057
522,7741.289831161499,2057
523,7766.034746170044,2057
524,7814.72784614563,2057
525,7829.999641180038,2057
526,7860.376138925552,2057
527,7908.154215097427,2057
528,7920.556866168976,2057
529,7942.661994934082,2057
530,7961.159824132919,2057
531,8031.065256118774,2057
532,8043.371767997742,2057
533,8136.8418691158295,2057
534,8150.915246009827,2057
535,8170.573953151703,2057
536,8193.693959236145,2057
537,8217.978161096573,2057
538,8238.55639719963,2057
539,8263.939882040024,2057
540,8305.726636171341,2057
541,8332.082299232483,2057
542,8343.549966096878,2057
543,8354.785068035126,2057
544,8372.247869253159,2057
545,8415.651017904282,2057
546,8437.212980985641,2057
547,8502.801654100418,2057
548,8564.989403247833,2057
549,8636.511882066727,2057
550,8672.633332252502,2057
551,8680.872028112411,2057
552,8712.975626945496,2057
553,8972.65639925003,2057
554,8986.654839038849,2057
555,9008.94665312767,2057
556,9030.913540124893,2057
557,9098.848070144653,2057
558,9182.13115310669,2057
559,9360.518740177155,2057
560,9415.207171201706,2057
561,9445.349960327148,2057
562,9462.865052223206,2057
563,9477.359033107758,2057
564,9490.605493068695,2057
565,9506.167587041855,2057
566,9549.98586010933,2057
567,9560.390417098999,2057
568,9571.020937919617,2057
569,9585.370228290558,2057
570,9597.354204177856,2057
571,9609.862023115158,2057
572,9628.325640201569,2057
573,9639.579507112503,2057
574,9650.53179526329,2057
575,9661.499289035797,2057
576,9677.589781999588,2057
577,9692.7801861763,2057
578,9708.003214120865,2057
579,9720.567207098007,2057
580,9791.048167228699,2057
581,9912.610020160675,2058
582,9979.281444072723,2058
583,9994.036437988281,2058
584,10010.749144077301,2058
585,10127.981871128082,2058
586,10147.74135017395,2058
587,10164.979961156845,2058
588,10181.000356197357,2058
589,10194.204481124878,2058
590,10211.162781238556,2058
591,10261.247776985168,2058
592,10274.89611697197,2058
593,10299.383736133575,2058
594,10314.702690124512,2058
595,10329.688699245453,2058
596,10358.45909023285,2058
597,10369.75967001915,2058
598,10386.520010948181,2058
599,10480.595242977142,2058
600,10494.12358212471,2058
601,10505.072280168533,2058
602,10541.670859098434,2058
603,10612.472643136978,2058
604,10625.429854154587,2058
605,10789.384255170822,2058
606,10809.352361917496,2058
607,10827.896946191788,2058
608,10845.222219944,2058
609,10861.792702198029,2058
610,10878.003428220749,2058
611,10903.361653089523,2058
612,10913.532984018326,2058
613,10929.47557926178,2058
614,10945.589632987976,2058
615,10972.7851293087,2058
616,10985.250754117966,2058
617,10997.878054141998,2058
618,11006.075166940689,2058
619,11026.210839033127,2058
620,11036.354124069214,2058
621,11045.778187036514,2058
622,11123.236792087555,2058
623,11134.088330984116,2058
624,11147.11362195015,2058
625,11161.264617204666,2058
626,11171.611297130585,2058
627,11231.803769111633,2058
628,11283.324058055878,2058
629,11319.077980279922,2058
630,11349.27758717537,2058
631,11433.370384216309,2058
632,11475.06814622879,2058
633,11489.079221010208,2058
634,11539.278080940247,2058
635,11557.162320137024,2058
636,11569.122895240784,2058
637,11597.217373132706,2058
638,11630.478739261627,2058
639,11807.6517932415,2058
640,11821.333010196686,2058
641,11848.06047821045,2058
642,11858.545717954636,2058
643,11868.45804309845,2058
644,11880.963986158371,2058
645,11897.509352207184,2058
646,11921.050362110138,2058
647,11956.52333521843,2058
648,11972.805792093277,2058
649,11993.446068286896,2058
650,12008.871740102768,2058
651,12047.627877235413,2058
652,12056.397742033005,2058
653,12073.350426197052,2058
654,12085.703013181686,2058
655,12126.636486291885,2058
656,12210.653510093689,2058
657,12228.104161024094,2058
658,12244.85842037201,2058
659,12323.112781047821,2058
660,12341.996038198471,2058
661,12365.307526111603,2058
662,12405.650393009186,2058
663,12463.544044971466,2058
664,12585.989154100418,2058
665,12600.308615207672,2058
666,12616.200761079788,2058
667,12629.794167995453,2058
668,12873.814902067184,2058
669,12891.523244142532,2058
670,12905.469620227814,2058
671,12913.095866203308,2058
672,12919.847249269485,2058
673,12927.831247091293,2058
674,12960.030969142914,2058
675,12979.818981170654,2058
676,12990.439685106277,2058
677,13007.409534215927,2058
678,13027.580202102661,2058
679,13078.03384232521,2058
680,13088.89940404892,2058
681,13098.230673074722,2058
682,13106.62578201294,2058
683,13113.228551149368,2058
684,13125.355520963669,2058
685,13136.328389167786,2058
686,13147.644442081451,2058
687,13158.845244169235,2058
688,13171.42258310318,2058
689,13184.575593948364,2058
690,13194.022041082382,2058
691,13202.789800167084,2058
692,13211.589537143707,2058
693,13220.306730985641,2058
694,13226.20363998413,2058
695,13237.173082113266,2058
696,13247.816456317902,2058
697,13257.179970026016,2058
698,13265.005369186401,2058
699,13273.388538122177,2058
700,13283.560229063034,2058
701,13297.00415611267,2058
702,13306.709650278091,2058
703,13315.205123186111,2058
704,13326.219240188599,2058
705,13342.14299416542,2058
706,13353.194788217545,2058
707,13365.295972108841,2058
708,13381.301411151886,2058
709,13397.255986213684,2058
710,13430.580770015717,2058
711,13445.856930017471,2058
712,13468.355433940887,2058
713,13487.705738067627,2058
714,13507.079576015472,2058
715,13527.29793214798,2058
716,13554.79431605339,2058
717,13569.265220165253,2058
718,13582.49269914627,2058
719,13594.996057033539,2058
720,13606.341133117676,2058
721,13620.582310199738,2058
722,13632.546033143997,2058
723,13648.66879415512,2058
724,13661.68630027771,2058
725,13675.004093170166,2058
726,13694.839051961899,2058
727,13713.073167085648,2058
728,13726.510129213333,2058
729,13742.827595949173,2058
730,13758.577641248703,2058
731,13771.961853265762,2058
732,13784.515996217728,2058
733,13796.099349021912,2058
734,13807.572295188904,2058
735,13850.078092098236,2058
736,13933.582478046417,2058
737,13943.674165010452,2058
738,13954.046327114105,2058
739,13964.54359126091,2058
740,13973.100051164627,2058
741,13983.88824224472,2059
742,13997.583888053894,2059
743,14016.648457288742,2059
744,14025.609166145325,2059
745,14034.278571128845,2060
746,14053.494374275208,2060
747,14069.404424190521,2060
748,14103.445317268372,2060
749,14159.848379135132,2060
750,14221.071951150894,2060
751,14233.571032047272,2060
752,14246.696907043457,2060
753,14268.264421224594,2060
754,14285.917835950851,2060
755,14298.682782888412,2060
756,14323.202794075012,2060
757,14339.138121128082,2060
758,14356.047528266907,2060
759,14371.19067621231,2060
760,14386.738169193268,2060
761,14403.93791937828,2060
762,14416.997652292252,2060
763,14444.61206293106,2060
764,14455.887088060379,2060
765,14467.536070108414,2060
766,14483.676557064056,2060
767,14496.426192045212,2060
768,14508.162746191025,2060
769,14524.421384334564,2060
770,14539.276448965073,2060
771,14557.79312300682,2060
772,14569.542533159256,2060
773,14580.535526275635,2060
774,14595.67715716362,2060
775,14605.652573108673,2060
776,14625.688523054123,2060
777,14648.484982013702,2060
778,14663.247134923935,2060
779,14684.965967178345,2060
780,14703.185909032822,2060
781,14715.091482162476,2060
782,14728.143694162369,2060
783,14752.10060620308,2060
784,14767.198929071426,2060
785,14779.088952064514,2060
786,14796.75022816658,2060
787,14812.394623994827,2060
788,14835.625711202621,2060
789,14979.077673196793,2060
790,14991.711817979813,2060
791,15021.202206134796,2060
792,15041.740825176239,2060
793,15052.93932723999,2060
794,15073.19957113266,2060
795,15086.027953147888,2060
796,15098.844976186752,2060
797,15119.517802000046,2060
798,15132.497796058655,2060
799,15144.003843069077,2060
800,15165.523174285889,2060
801,15184.262342214584,2060
802,15207.063055038452,2060
803,15220.804386138916,2060
804,15234.906356334686,2060
805,15246.607829093933,2060
806,15262.049962997437,2060
807,15272.357309103012,2060
808,15284.198471307755,2060
809,15302.855718135834,2060
810,15325.739448070526,2060
811,15412.662441253662,2060
812,15437.027595043182,2060
813,15455.579321146011,2060
814,15473.700971126556,2060
815,15482.797925233841,2060
816,15503.726248264313,2060
817,15518.881217002869,2060
818,15534.465630292892,2060
819,15544.579653263092,2060
820,15553.651667118073,2060
821,15577.828847169876,2060
822,15596.48473906517,2060
823,15612.179195165634,2060
824,15632.640997171402,2060
825,15645.126399993896,2060
826,15660.974825143814,2060
827,15676.198617219925,2060
828,15690.41554403305,2060
829,15707.824764251709,2060
830,15724.815968990326,2060
831,15735.021390199661,2060
832,15750.26557803154,2060
833,15759.582675218582,2060
834,15773.057160139084,2060
835,15786.9679479599,2060
836,15802.597004175186,2060
837,15812.321265220642,2060
838,15824.276103258133,2060
839,15837.38409614563,2060
840,15851.88789820671,2060
841,15865.088859081268,2060
842,15878.5861120224,2060
843,15892.94149518013,2060
844,15958.351459026337,2060
845,15974.110933065414,2060
846,15983.837369203568,2060
847,16000.605033159256,2060
848,16016.843456029892,2060
849,16026.04130101204,2060
850,16033.212489128113,2060
851,16046.819548130035,2060
852,16062.245759248734,2060
853,16088.281814098358,2060
854,16108.181148290634,2060
855,16121.646044254303,2060
856,16137.119643211365,2060
857,16152.753190279007,2060
858,16169.72828412056,2060
859,16178.739166975021,2060
860,16188.376991033554,2060
861,16199.19550728798,2060
862,16208.961908340454,2060
863,16271.581433057785,2060
864,16284.899686098099,2060
865,16376.645440101624,2060
866,16399.504633188248,2060
867,16430.422176122665,2060
868,16454.844074964523,2060
869,16600.789759159088,2060
870,16645.07572412491,2060
871,16658.194259166718,2060
872,16683.241961956024,2060
873,16721.459408044815,2060
874,16732.899376153946,2060
875,16758.29159116745,2060
876,16771.94184422493,2060
877,16779.187709331512,2060
878,16789.997702121735,2060
879,16806.120611190796,2060
880,16814.39414715767,2061
881,16831.381204366684,2061
882,16843.179410219193,2061
883,16853.467393159866,2061
884,16864.081997156143,2061
885,16886.99919819832,2061
886,16914.786008119583,2061
887,16941.459943294525,2061
888,16984.615540266037,2061
889,17004.04385828972,2061
890,17029.462573051453,2061
891,17053.476135253906,2061
892,17070.427255153656,2061
893,17136.082405090332,2061
894,17166.665174007416,2061
895,17177.938101053238,2061
896,17192.93197631836,2061
897,17209.282009124756,2061
898,17279.915658950806,2061
899,17301.074808120728,2061
900,17317.225895166397,2061
901,17365.871829986572,2061
902,17382.44690299034,2061
903,17393.73409819603,2061
904,17407.989603042603,2061
905,17424.905158281326,2061
906,17446.21430516243,2061
907,17487.370979070663,2061
908,17521.655138015747,2061
909,17539.045439958572,2061
910,17558.55522918701,2061
911,17575.41306900978,2061
912,17586.762332201004,2062
913,17600.65925502777,2062
914,17610.603815317154,2062
915,17627.173945188522,2062
916,17645.178374290466,2062
917,17661.92597413063,2062
918,17672.15409708023,2062
919,17683.992364168167,2062
920,17695.829825162888,2062
921,17708.285385131836,2062
922,17726.175799131393,2062
923,17858.613487243652,2062
924,17875.04068017006,2062
925,17897.444958925247,2062
926,17995.58937716484,2062
927,18019.4243581295,2062
928,18032.67861032486,2062
929,18045.14702820778,2062
930,18065.51268029213,2062
931,18077.405132055283,2062
932,18110.20748615265,2062
933,18139.430948019028,2062
934,18154.23995423317,2062
935,18171.177532196045,2062
936,18187.271547079086,2062
937,18201.801371097565,2062
938,18213.86783003807,2062
939,18224.950827121735,2062
940,18238.835559129715,2062
941,18324.098247289658,2062
942,18341.30986905098,2062
943,18353.451179027557,2062
944,18524.294973134995,2062
945,18566.73756313324,2062
946,18584.02319097519,2062
947,18600.696585178375,2062
948,18614.93300294876,2062
949,18647.86204814911,2062
950,18659.722491264343,2062
951,18694.71556210518,2062
952,18712.62646126747,2062
953,18738.408083200455,2062
954,18756.648982048035,2062
955,18773.37006211281,2062
956,18783.285840272903,2062
957,18799.871749162674,2062
958,18813.92590904236,2062
959,18841.179252147675,2062
960,18858.181035995483,2062
961,18918.90211415291,2062
962,18988.037868976593,2062
963,19016.314365148544,2062
964,19029.275967359543,2062
965,19039.315863132477,2062
966,19048.780155181885,2062
967,19060.247858285904,2062
968,19074.039085149765,2062
969,19093.18756723404,2062
970,19105.08004808426,2062
971,19123.921000242233,2062
972,19137.49005627632,2062
973,19188.954812288284,2062
974,19203.543569087982,2062
975,19265.830206155777,2062
976,19288.694901943207,2062
977,19316.9083712101,2062
978,19353.145304203033,2063
979,19405.066746234894,2063
980,19422.61368703842,2063
981,19446.086517095566,2063
982,19461.436902284622,2063
983,19503.204377174377,2064
984,19519.40587902069,2064
985,19535.90858411789,2064
986,19546.819758176804,2064
987,19571.755811214447,2064
988,19588.502954006195,2064
989,19608.763470172882,2064
990,19655.196563243866,2064
991,19673.479948043823,2064
992,19693.407737016678,2064
993,19704.767060995102,2064
994,19729.201538085938,2064
995,19749.599630117416,2064
996,19789.86664223671,2064
997,19806.15599012375,2064
998,19859.04186320305,2064
999,20031.17766404152,2064
1000,20061.397658109665,2064
1001,20102.52589416504,2064
1002,20150.32620215416,2064
1003,20196.76046514511,2064
1004,20385.388334035873,2064
1005,20423.138463020325,2064
1006,20455.952299118042,2064
1007,20654.08814406395,2064
1008,20793.217907190323,2064
1009,20814.24005508423,2064
1010,20854.311868190765,2064
1011,20891.328231096268,2064
1012,20915.549476146698,2064
1013,20976.78563094139,2064
1014,20996.756471157074,2064
1015,21163.332732200623,2064
1016,21180.66555905342,2064
1017,21205.43182015419,2064
1018,21287.64263319969,2064
1019,21348.675203084946,2064
1020,21460.17050909996,2064
1021,21575.704384088516,2064
1022,21590.84053015709,2064
1023,21604.368997097015,2064
1024,21619.551421165466,2064
1025,21649.529925107956,2064
1026,21661.39221906662,2064
1027,21673.010797023773,2064
1028,21689.274322271347,2064
1029,21703.978750228882,2064
1030,21726.671178102493,2064
1031,21774.790739297867,2064
1032,21797.865327119827,2064
1033,21816.060274124146,2064
1034,21882.36651802063,2064
1035,21931.982196331024,2064
1036,21950.251657247543,2064
1037,21961.787134170532,2064
1038,21985.366727113724,2064
1039,22008.640847206116,2064
1040,22031.842113018036,2064
1041,22045.482849121094,2064
1042,22067.607584953308,2064
1043,22094.119908094406,2064
1044,22175.578832149506,2064
1045,22194.79506111145,2064
1046,22213.965519189835,2064
1047,22248.888099193573,2064
1048,22276.00275206566,2064
1049,22291.748751163483,2064
1050,22358.40793609619,2064
1051,22377.05019211769,2064
1052,22426.97013115883,2064
1053,22492.58230805397,2064
1054,22591.906814336777,2064
1055,22611.540669202805,2064
1056,22627.94458913803,2064
1057,22653.530694246292,2064
1058,22672.006047964096,2064
1059,22686.14371418953,2064
1060,22713.211081266403,2064
1061,22741.143628120422,2064
1062,22755.365022182465,2064
1063,22779.047331094742,2064
1064,22795.689409017563,2064
1065,22807.19158220291,2064
1066,22818.71634030342,2064
1067,22842.930732011795,2064
1068,22869.17024421692,2064
1069,22904.74355316162,2064
1070,22941.123225212097,2064
1071,22996.168711185455,2064
1072,23025.628664016724,2064
1073,23224.37530207634,2064
1074,23237.55225801468,2064
1075,23252.204021930695,2064
1076,23272.738532066345,2064
1077,23289.3898832798,2064
1078,23311.21965789795,2064
1079,23335.33115696907,2064
1080,23363.812437057495,2064
1081,23381.57247710228,2064
1082,23397.99616408348,2064
1083,23413.87515616417,2064
1084,23435.300492048264,2064
1085,23447.62610721588,2064
1086,23459.239639043808,2064
1087,23474.963444948196,2064
1088,23488.259704113007,2064
1089,23666.993967056274,2064
1090,23733.42244911194,2064
1091,24010.97058200836,2064
1092,24023.148504018784,2064
1093,24032.43288707733,2064
1094,24045.62228512764,2064
1095,24057.23370695114,2064
1096,24067.952342033386,2064
1097,24086.636245965958,2064
1098,24116.6069521904,2064
1099,24132.406143188477,2064
1100,24153.000416994095,2064
1101,24184.549111127853,2064
1102,24273.955950021744,2064
1103,24291.528116226196,2064
1104,24307.228157281876,2064
1105,24320.864638328552,2064
1106,24334.22466826439,2064
1107,24362.593138217926,2064
1108,24414.522973299026,2064
1109,24443.845333099365,2064
1110,24456.61390733719,2064
1111,24477.73350596428,2064
1112,24495.025276184082,2064
1113,24570.615738153458,2064
1114,24596.28600716591,2064
1115,24608.792013168335,2064
1116,24624.668614149094,2064
1117,24642.822765111923,2064
1118,24662.622799158096,2064
1119,24676.68022918701,2064
1120,24693.339595079422,2064
1121,24709.4181330204,2064
1122,24770.968471050262,2064
1123,24815.44354200363,2064
1124,24841.363924980164,2064
1125,24860.41383600235,2064
1126,24874.323229312897,2064
1127,24887.161438941956,2064
1128,24910.648277044296,2064
1129,24930.055500030518,2064
1130,24962.110186100006,2064
1131,24982.2147629261,2064
1132,25046.86046218872,2064
1133,25083.236094236374,2064
1134,25095.934138059616,2064
1135,25109.292607307434,2064
1136,25124.302705287933,2064
1137,25136.967729091644,2064
1138,25296.400354146957,2064
1139,25314.227124214172,2064
1140,25329.869967222214,2064
1141,25343.067723035812,2064
1142,25355.584897994995,2064
1143,25375.88171315193,2064
1144,25453.877592086792,2064
1145,25488.213745117188,2064
1146,25501.87659430504,2064
1147,25521.50154900551,2064
1148,25539.70133113861,2064
1149,25612.692206144333,2064
1150,25634.660051345825,2064
1151,25646.31705212593,2065
1152,25752.69905114174,2065
1153,25842.24420619011,2065
1154,25861.79991698265,2065
1155,25878.57872915268,2065
1156,25897.051822185516,2065
1157,25954.18444633484,2065
1158,25967.941534996033,2065
1159,26017.26177096367,2065
1160,26037.662755012512,2065
1161,26404.08381509781,2065
1162,26518.688519239426,2065
1163,26563.27733516693,2065
1164,26591.693578004837,2065
1165,26624.90371823311,2065
1166,26654.299465179443,2065
1167,26676.16939806938,2065
1168,26723.75072002411,2065
1169,26741.361324071884,2065
1170,26781.726941108704,2065
1171,26793.61072921753,2065
1172,26805.73371219635,2065
1173,26825.251536130905,2065
1174,26838.435959100723,2065
1175,26855.498789072037,2065
1176,26877.16740298271,2065
1177,26893.36342406273,2065
1178,26922.358494997025,2065
1179,26935.81759619713,2065
1180,27208.770990133286,2065
1181,27232.59988617897,2065
1182,27261.137035131454,2065
1183,27283.54947090149,2065
1184,27314.49272799492,2065
1185,27431.00627017021,2065
1186,27456.947998285294,2065
1187,27471.525249004364,2065
1188,27485.128637313843,2065
1189,27529.31632423401,2065
1190,27570.404242277145,2065
1191,27672.99547815323,2065
1192,27698.42338705063,2065
1193,27722.083678245544,2065
1194,27866.25818324089,2065
1195,27949.31393313408,2065
1196,27971.755525112152,2065
1197,28041.93146109581,2065
1198,28065.258328199387,2065
1199,28079.72405219078,2065
1200,28099.031147956848,2065
1201,28113.486932992935,2065
1202,28135.28821706772,2065
1203,28291.887281179428,2065
1204,28311.8593211174,2065
1205,28354.568025112152,2065
1206,28370.141559123993,2065
1207,28393.751474142075,2065
1208,28412.12201809883,2065
1209,28431.07178902626,2065
1210,28452.90427017212,2065
1211,28462.935807943344,2065
1212,28472.50114107132,2065
1213,28487.2154443264,2066
1214,28508.432104110718,2066
1215,28644.530437231064,2066
1216,28766.371198177338,2066
1217,28827.14491915703,2066
